model,sample_count,successful_calls,failed_calls,successful_call_rate,exact_move_accuracy,exact_piece_placement_accuracy,legal_san_rate,legal_after_piece_placement_rate,avg_runtime_s_success_only,p95_runtime_s_success_only,avg_attempts_success_only,avg_confidence_success_only
Qwen/Qwen3-VL-30B-A3B-Instruct,50,5,45,0.1,0.0,0.0,0.1,0.1,3.4319354811974336,3.8432043159991736,1.0,0.976
Qwen/Qwen2.5-VL-72B-Instruct,50,31,19,0.62,0.02,0.02,0.62,0.62,5.3283277750315685,9.56967948199599,1.3548387096774193,0.9916666666666667
gpt-5.3-chat,50,49,1,0.98,0.42,0.42,0.98,0.98,37.851706822754394,50.721304599006544,1.0,0.5885714285714285
gpt-4o,50,32,18,0.64,0.04,0.04,0.6,0.64,9.040396566156232,18.13303616300982,1.625,0.93875
